city,num_nodes,num_edges,avg_degree,total_distance_km,avg_edge_length_km,median_edge_length_km,max_edge_length_km,avg_traffic_weight,min_traffic_weight,max_traffic_weight,avg_travel_time_min,total_travel_time_h,network_density
koramangala,683,1723,5.045387994143485,113.39600000000002,0.06581311665699363,0.048,0.374,1.9312768427161928,1.0,4.83,0.13752756819500872,3.9493333333333336,0.0036989648050905315
cambridge_ma,1878,4205,4.4781682641107565,372.486,0.08858168846611177,0.072,0.833,2.317407847800238,1.0,4.99,0.194397146254459,13.624,0.0011929057709405316
bangalore_central,153750,390679,5.0820032520325205,24157.094,0.06183361276137187,0.043,6.885,1.9220021040291393,1.0,5.0,0.12892236337248741,839.4543333333335,1.6526947336348595e-05
